{
  "best_from_gen": 17,
  "best_fit": 1825.4316419974523,
  "gene_count": 74,
  "weights": [
    -0.46399811151370912,
    -0.69123973902871527,
    -0.33792171332285792,
    0.8066265495675573,
    0.43840745443274753,
    -0.81262994296290503,
    -0.3485743048863934,
    0.25654845192763254,
    -0.89084497016621933,
    0.65885376082264502,
    -0.67550520120882651,
    -0.81669651831249479,
    0.74145895611694423,
    -0.48330521809286553,
    -0.27571863661430263,
    -0.0176940986511267,
    -0.92169551546361983,
    0.42713863540270008,
    1.266722897998215,
    0.91035495759787732,
    -0.06985310036564496,
    0.8506949291259891,
    0.14186238368803306,
    -0.91720037995509973,
    0.055154575146443063,
    -1.1131903432735895,
    0.50524322486300166,
    0.92233954458770162,
    0.1137328127577546,
    -0.15111693766057965,
    -1.3769340345052816,
    0.14925578358180647,
    -0.88102963229242626,
    0.092815437414237145,
    0.42725928530343404,
    0.74429243256170774,
    -1.4786799889789148,
    -0.32012331712254244,
    0.84050413409921276,
    0.30280942235599806,
    -1.2907616194239742,
    -0.88090237085626932,
    -0.31505951809982347,
    -0.20835021984659241,
    -0.70692646162415373,
    -1.2303589897817382,
    -0.51312823509241723,
    -0.6695591902305722,
    -0.44325422092328515,
    0.9075292646910198,
    -0.75331352644244798,
    -0.37801283430373012,
    0.75545368248570299,
    -0.88365226415521536,
    1.0123019578077435,
    0.4079460088926436,
    -0.54787668812220647,
    0.87058903088752904,
    -0.34175274294494573,
    -0.15127144838987072,
    0.26588291192052282,
    -1.1299620181777013,
    0.66720985962448287,
    0.34815463185687978,
    -0.43727575050380962,
    -0.0076328894182874363,
    -0.19715165453365474,
    0.11921731672709079,
    0.25789646215278689,
    -0.54637222776381389,
    -0.10351260021188213,
    -0.44629670665650667,
    -0.13601171736081147,
    0.42039082957697349
  ]
}