{
  "best_from_gen": 52,
  "best_fit": 6.1931332381955473,
  "gene_count": 83,
  "weights": [
    -0.22217766710152012,
    0.66177542208494722,
    0.7686972829173282,
    0.086606489139762488,
    -0.21944376672910626,
    0.001176271479379265,
    -0.2122390063466964,
    0.43952680833901386,
    -0.46898697084599078,
    0.40720845781178422,
    0.0084447179984603882,
    -0.32278332406378468,
    -0.76978365699090268,
    -0.19212646290360899,
    0.67355158672281212,
    -0.80559754214479784,
    1.4530408797721324,
    0.12736199702113732,
    1.1911229594129167,
    -0.51003338132606402,
    0.13943272049830691,
    0.27700785618855173,
    -0.4561025899449162,
    0.010476663117799767,
    -0.48004373029868169,
    0.57444860972469103,
    -0.5796183583022787,
    0.0073183265059978964,
    -0.43370559436371731,
    -1.0929964984706642,
    0.27270359129025312,
    -1.0776885890641781,
    -0.56627049466900581,
    1.203867298531337,
    0.39559842062711048,
    -2.0196975435488946,
    -1.1475903772715368,
    -1.2327601719802288,
    -0.050159674647728247,
    -1.0690907927766033,
    -0.36016563798723622,
    -1.1157167533534105,
    0.44177616969222561,
    -0.55201792725907861,
    -1.3478462715839692,
    0.099672037657602908,
    0.64948365055883284,
    -0.60014850751994331,
    -1.4759420697692542,
    0.090970744096346312,
    -0.21771548640633204,
    -0.95741887098628353,
    0.16314517107341414,
    0.51873569428406907,
    -0.31524738377719308,
    -0.9909213952458098,
    -0.90086137190451465,
    -1.0852722218940665,
    0.71103468463385644,
    -0.43615969696609552,
    -0.57539377343717235,
    -0.43242031175321022,
    0.1433196252315434,
    0.98836042211843655,
    -0.46924973966668487,
    -0.1146251503874498,
    -0.26744724222289573,
    -0.30377166743202672,
    -0.29607004104551388,
    0.16959254892702713,
    -0.59886177857914946,
    -0.055931791201656922,
    -0.32089503046626217,
    -1.3594496826504687,
    -0.39189666589073857,
    0.036494872671138434,
    -0.26766398295078092,
    -1.5953270992578661,
    0.55887034966218885,
    0.55773814494400431,
    -0.56377555323309303,
    -0.74724709824407187,
    0.088744143430939837
  ]
}